{"ads":{"label":"Google Adsense","php":false,"close":false,"hide":false,"active":true,"contents":"s:403:\"<?php\nadd_shortcode('ads',function(){return <<<EOF\n<p>Sponsored Links<\/p>\n<script async src=\"\/\/pagead2.googlesyndication.com\/pagead\/js\/adsbygoogle.js\"><\/script>\n<ins class=\"adsbygoogle\"\n     style=\"display:block\"\n     data-ad-client=\"ca-pub-################\"\n     data-ad-slot=\"##########\"\n     data-ad-format=\"auto\"><\/ins>\n<script>\n(adsbygoogle = window.adsbygoogle || []).push({});\n<\/script>\nEOF;\n});\n\";"}}