{"shortcode_param par1=&quot;Hello,&quot; par2=&quot;World!&quot;":{"label":"3. \u30b7\u30e7\u30fc\u30c8\u30b3\u30fc\u30c9\u306b\u5f15\u6570\u3092\u4e0e\u3048\u3066\u8868\u793a\u3059\u308b\u30b5\u30f3\u30d7\u30eb","php":true,"close":false,"hide":false,"active":true,"contents":"s:207:\"<?php\nadd_shortcode('shortcode_param',function($args,$contents){\n$contents = '<span style=\"color:red\">' . $args[\"par1\"] . '<\/span><span style=\"color:blue\">' .$args[\"par2\"] . '<\/span>';\nreturn $contents;\n});\n\";"}}