{"simple_line_output":{"label":"1. \u5358\u7d14\u306b\u6587\u5b57\u5217\u3092\u8868\u793a\u3059\u308b\u3060\u3051\u306e\u30b5\u30f3\u30d7\u30eb","php":false,"close":false,"hide":false,"active":true,"contents":"s:260:\"<?php\nadd_shortcode('simple_line_output',function(){return <<<EOF\n<span style=\"color:red\">Flout \u2019em and scout \u2019em<\/span><br \/>\n<span style=\"color:blue\">And scout \u2019em and flout \u2019em<\/span><br \/>\n<span style=\"color:green\">Thought is free.<\/span>\nEOF;\n});\n\";"}}